pop_prop,A,H
393.23551542513167,360,407
0.9306833336093299,0.7907716057796671,0.9917907260884493