ga,ga A,ga H
472.92923076923074,440.7153652392947,503.7087845968712
0.8828787164271849,0.7685299578041578,0.992136134413567