ga,ga A,ga H
476.9366153846154,440.19017632241815,512.0469314079422
0.8830517971312868,0.7689103734731009,0.9921111116735267