ga,ga A,ga H
472.52923076923076,442.9949622166247,500.748495788207
0.8830429986515743,0.7681702043006303,0.9928011198485063