ga,ga A,ga H
473.2676923076923,440.22544080604536,504.8387484957882
0.8833000833025055,0.7690842444562727,0.9924304997211699