ga,ga avg,ga A,ga H
464.2061538461538,466.6338461538461,438.8539042821159,488.42960288808666
0.8836821871601541,0.8834592842303827,0.7695282091891874,0.9927534970385515