ga,ga avg,ga A,ga H
461.8516923076923,463.34080000000006,437.00251889168766,485.5944645006017
0.8836595355311262,0.8833129924018002,0.769573689286247,0.9926657472259948