ga,ga avg,ga A,ga H
436.23047858942067,437.6204030226701,436.23047858942067,502.33453670276776
0.8837746643315165,437.6204030226701,0.7701368069337836,0.9923528337344061