ga,ga A,ga H
464.32307692307694,435.7632241813602,491.61131167268354
0.8840495137700192,0.7702764887864586,0.9927568324667082