ga,ga avg,ga A,ga H
466.3796923076923,469.20640000000003,437.11460957178844,494.34175691937423
0.8837429539493745,0.8835156392471107,0.7698238646313421,0.9925898335143798