ga,ga avg,ga A,ga H
465.2899824253076,465.2899824253076,429.79254658385094,496.97006651884703
0.8886958255566527,0.8886958255566527,0.772463409684615,0.9924287465954481