ga,ga avg,ga A,ga H
469.04061538461536,472.87212307692306,437.0352644836272,499.62093862815885
0.8837707148963067,0.8833649671876601,0.7697757138232167,0.9926901262705958