ga,ga avg,ga A,ga H
486.91076923076923,493.5214769230769,418.69613259668506,495.4612188365651
0.9683515315452454,0.9682777742879951,0.7755291418319942,0.9925210970148443