ga,ga avg,ga A,ga H
465.7926153846154,466.9394461538462,437.20780856423175,493.1046931407942
0.8838337744389835,0.8835997942518393,0.769993939480778,0.9926049284183048