ga,ga avg,ga A,ga H
461.2252307692308,461.2252307692308,437.8778337531486,483.5330926594464
0.8839176999661628,0.8839176999661628,0.7697305011401038,0.9930207515520731