ga,ga avg,ga A,ga H
471.14953846153844,474.7881846153846,436.41561712846345,504.3369434416366
0.8836450046615886,0.8830250327732851,0.7699496578664977,0.9922781037654439