ga,ga avg,ga A,ga H
467.024,468.0779076923077,435.14357682619647,497.4849578820698
0.884051956497017,0.8836719639576068,0.7704829603260648,0.9925643306964598