ga,ga avg,ga A,ga H
467.6984615384615,467.6984615384615,437.27329974811084,496.76895306859205
0.8837250521298787,0.8837250521298787,0.7697567575778103,0.9926189460821576