ga,ga avg,ga A,ga H
477.16984615384615,475.5463384615385,437.9584382871536,514.6353790613719
0.8833230016627911,0.8827722706028589,0.7693092791491988,0.9922603009116394