ga,ga avg,ga A,ga H
467.1427692307692,470.1750153846154,437.0390428211587,495.90613718411555
0.8837951072664648,0.883557568830496,0.769789645203203,0.9927245138588002