pop_prop,A,H
386.5948210205636,408,367
0.8930900683068375,0.7750435727583669,0.9936543607063842