pop_prop,A,H
388.11195734958113,395,384
0.9271329140559099,0.7787822538820637,0.9930665407998435