pop_prop,A,H
384.0495049504951,395,378
0.9271153909599249,0.7787766688019229,0.9930437119190385