pop_prop,A,H
384.0495049504951,410,361
0.8929240069672709,0.7745520874454123,0.9937655293808179