pop_prop,A,H
397.0892723180795,387,405
0.8968023448275423,0.7819736363193637,0.9919416314378884