pop_prop,A,H
384.36329017517136,401,369
0.8942868952109233,0.7774490883295451,0.993821500791114