pop_prop,A,H
382.8697638994669,380,384
0.9289757711594167,0.7839965948139942,0.9934109606462729