ga,ga A,ga H
480.904,445.42821158690174,514.8002406738868
0.8820961234884999,0.7669048678798371,0.9921585265610374