ga,ga A,ga H
481.33723076923076,443.96347607052894,517.0469314079422
0.8825342029674416,0.7677007931514536,0.992254693212804