ga,ga A,ga H
477.14953846153844,444.98992443324937,507.87725631768956
0.8825199717993385,0.7675112623888228,0.9924079564827925