pop_prop,A,H
396.28560548362526,398,394
0.8944459655109068,0.7788280836355912,0.9929413119886127