pop_prop,A,H
400.63594821020564,379,410
0.9285062554792843,0.784795402944331,0.9923777454948214