pop_prop,A,H
501.456,483.34886649874056,518.7569193742479
0.874646684468463,0.7545673012544868,0.9893795728822988