pop_prop,A,H
506.264,481.46851385390426,529.9554753309266
0.8750229579552654,0.7550315210897371,0.9896718158027139