ga,A,H
473.74953846153846,448.5403022670025,497.83634175691935
0.8821507549079863,0.766489876729553,0.9926618707607863