pop_prop,A,H
498.99384615384616,485.42695214105794,511.956678700361
0.874541918559066,0.7541008760916145,0.9896203634677996