pop_prop,A,H
501.81476923076923,481.12090680100755,521.5872442839952
0.8749486581689094,0.7551335625969248,0.9894290262605537