ga,A,H
476.2276923076923,438.448362720403,512.3249097472924
0.8833731375061044,0.7692774710836113,0.9923887321384283