ga,A,H
473.46215384615385,448.3879093198992,497.4199759326113
0.8820293976482546,0.7663412660956188,0.9925665534277899