ga,A,H
476.87015384615387,439.8778337531486,512.2154031287605
0.8832550601947101,0.7692152052352269,0.9922173283509444