pop_prop,A,H
386.66843702579666,400,375
0.8941693132232188,0.7774370895102664,0.9929175809019665