pop_prop,A,H
389.68433005299016,378,394
0.9287163081068309,0.7844088630565079,0.9922934158498322