ga,ga A,ga H
474.05476923076924,440.3337531486146,506.27436823104694
0.8831297540344915,0.7687358139658977,0.9924303417775295