ga,ga A,ga H
475.3932307692308,445.1460957178841,504.2936221419976
0.8825087951572592,0.7674600490934899,0.9924350338752302