pop_prop,A,H
396.3907083015994,397,395
0.8946583954685063,0.7788563761657421,0.993310609373827