pop_prop,A,H
394.8004569687738,371,404
0.9295983606524867,0.787182936968226,0.99289410451216